{
	"pos": [
		0,
		0
	],
	"world_id": {
		"index1": 1,
		"generation": 0
	},
	"flags": 0,
	"entity_defs": [
		{
			"body_def": {
				"type": "kinematicBody",
				"position": [
					12.00000000,
					0.00000000
				],
				"rotation": {
					"c": 1.00000000,
					"s": 0.00000000
				},
				"linearVelocity": [
					0.00000000,
					0.00000000
				],
				"angularVelocity": 0.50000000,
				"linearDamping": 0.00000000,
				"angularDamping": 0.00000000,
				"gravityScale": 1.00000000,
				"sleepThreshold": 0.05000000,
				"name": "",
				"enableSleep": true,
				"isAwake": true,
				"fixedRotation": false,
				"isBullet": false,
				"isEnabled": true,
				"allowFastRotation": false,
				"internalValue": 1152023
			},
			"shape_def": {
				"material": {
					"friction": 0.60000002,
					"restitution": 0.00000000,
					"rollingResistance": 0.00000000,
					"tangentSpeed": 0.00000000,
					"userMaterialId": 0,
					"customColor": 0
				},
				"density": 1.00000000,
				"filter": {
					"categoryBits": 1,
					"maskBits": 18446744073709551615,
					"groupIndex": 0
				},
				"isSensor": false,
				"enableSensorEvents": false,
				"enableContactEvents": false,
				"enableHitEvents": false,
				"enablePreSolveEvents": false,
				"invokeContactCreation": true,
				"updateBodyMass": true,
				"internalValue": 1152023
			},
			"shape_type": "polygonShape",
			"type": 0,
			"flags": 1,
			"index": 0,
			"radius": 5.00000000,
			"scale": 1.00000000,
			"centers": [
				[
					-10.00000000,
					0.00000000
				],
				[
					10.00000000,
					0.00000000
				]
			],
			"size": [
				4.00000000,
				8.00000000
			],
			"is_loop": false,
			"vertices": {
				"data": [
					[
						-10.00000000,
						-10.00000000
					],
					[
						-10.00000000,
						10.00000000
					],
					[
						10.00000000,
						10.00000000
					],
					[
						10.00000000,
						-10.00000000
					],
					[
						0.00000000,
						0.00000000
					],
					[
						0.00000000,
						0.00000000
					],
					[
						0.00000000,
						0.00000000
					],
					[
						0.00000000,
						0.00000000
					],
					[
						0.00000000,
						0.00000000
					],
					[
						0.00000000,
						0.00000000
					],
					[
						0.00000000,
						0.00000000
					],
					[
						0.00000000,
						0.00000000
					],
					[
						0.00000000,
						0.00000000
					],
					[
						0.00000000,
						0.00000000
					],
					[
						0.00000000,
						0.00000000
					],
					[
						0.00000000,
						0.00000000
					],
					[
						0.00000000,
						0.00000000
					],
					[
						0.00000000,
						0.00000000
					],
					[
						0.00000000,
						0.00000000
					],
					[
						0.00000000,
						0.00000000
					]
				],
				"len": 4
			}
		},
		{
			"body_def": {
				"type": "kinematicBody",
				"position": [
					-12.00000000,
					0.00000000
				],
				"rotation": {
					"c": -0.00000004,
					"s": 1.00000000
				},
				"linearVelocity": [
					0.00000000,
					0.00000000
				],
				"angularVelocity": 0.50000000,
				"linearDamping": 0.00000000,
				"angularDamping": 0.00000000,
				"gravityScale": 1.00000000,
				"sleepThreshold": 0.05000000,
				"name": "",
				"enableSleep": true,
				"isAwake": true,
				"fixedRotation": false,
				"isBullet": false,
				"isEnabled": true,
				"allowFastRotation": false,
				"internalValue": 1152023
			},
			"shape_def": {
				"material": {
					"friction": 0.60000002,
					"restitution": 0.00000000,
					"rollingResistance": 0.00000000,
					"tangentSpeed": 0.00000000,
					"userMaterialId": 0,
					"customColor": 0
				},
				"density": 1.00000000,
				"filter": {
					"categoryBits": 1,
					"maskBits": 18446744073709551615,
					"groupIndex": 0
				},
				"isSensor": false,
				"enableSensorEvents": false,
				"enableContactEvents": false,
				"enableHitEvents": false,
				"enablePreSolveEvents": false,
				"invokeContactCreation": true,
				"updateBodyMass": true,
				"internalValue": 1152023
			},
			"shape_type": "polygonShape",
			"type": 0,
			"flags": 1,
			"index": 0,
			"radius": 5.00000000,
			"scale": 1.00000000,
			"centers": [
				[
					-10.00000000,
					0.00000000
				],
				[
					10.00000000,
					0.00000000
				]
			],
			"size": [
				4.00000000,
				8.00000000
			],
			"is_loop": false,
			"vertices": {
				"data": [
					[
						-10.00000000,
						-10.00000000
					],
					[
						-10.00000000,
						10.00000000
					],
					[
						10.00000000,
						10.00000000
					],
					[
						10.00000000,
						-10.00000000
					],
					[
						0.00000000,
						0.00000000
					],
					[
						0.00000000,
						0.00000000
					],
					[
						0.00000000,
						0.00000000
					],
					[
						0.00000000,
						0.00000000
					],
					[
						0.00000000,
						0.00000000
					],
					[
						0.00000000,
						0.00000000
					],
					[
						0.00000000,
						0.00000000
					],
					[
						0.00000000,
						0.00000000
					],
					[
						0.00000000,
						0.00000000
					],
					[
						0.00000000,
						0.00000000
					],
					[
						0.00000000,
						0.00000000
					],
					[
						0.00000000,
						0.00000000
					],
					[
						0.00000000,
						0.00000000
					],
					[
						0.00000000,
						0.00000000
					],
					[
						0.00000000,
						0.00000000
					],
					[
						0.00000000,
						0.00000000
					]
				],
				"len": 4
			}
		},
		{
			"body_def": {
				"type": "kinematicBody",
				"position": [
					0.00000000,
					0.00000000
				],
				"rotation": {
					"c": 1.00000000,
					"s": 0.00000000
				},
				"linearVelocity": [
					0.00000000,
					0.00000000
				],
				"angularVelocity": 0.00000000,
				"linearDamping": 0.00000000,
				"angularDamping": 0.00000000,
				"gravityScale": 1.00000000,
				"sleepThreshold": 0.05000000,
				"name": "",
				"enableSleep": true,
				"isAwake": true,
				"fixedRotation": false,
				"isBullet": false,
				"isEnabled": true,
				"allowFastRotation": false,
				"internalValue": 1152023
			},
			"shape_def": {
				"material": {
					"friction": 0.60000002,
					"restitution": 0.00000000,
					"rollingResistance": 0.00000000,
					"tangentSpeed": 0.00000000,
					"userMaterialId": 0,
					"customColor": 0
				},
				"density": 1.00000000,
				"filter": {
					"categoryBits": 1,
					"maskBits": 18446744073709551615,
					"groupIndex": 0
				},
				"isSensor": false,
				"enableSensorEvents": false,
				"enableContactEvents": false,
				"enableHitEvents": false,
				"enablePreSolveEvents": false,
				"invokeContactCreation": true,
				"updateBodyMass": true,
				"internalValue": 1152023
			},
			"shape_type": "polygonShape",
			"type": 0,
			"flags": 33,
			"index": 0,
			"radius": 5.00000000,
			"scale": 1.00000000,
			"centers": [
				[
					-10.00000000,
					0.00000000
				],
				[
					10.00000000,
					0.00000000
				]
			],
			"size": [
				4.00000000,
				4.00000000
			],
			"is_loop": false,
			"vertices": {
				"data": [
					[
						-10.00000000,
						-10.00000000
					],
					[
						-10.00000000,
						10.00000000
					],
					[
						10.00000000,
						10.00000000
					],
					[
						10.00000000,
						-10.00000000
					],
					[
						0.00000000,
						0.00000000
					],
					[
						0.00000000,
						0.00000000
					],
					[
						0.00000000,
						0.00000000
					],
					[
						0.00000000,
						0.00000000
					],
					[
						0.00000000,
						0.00000000
					],
					[
						0.00000000,
						0.00000000
					],
					[
						0.00000000,
						0.00000000
					],
					[
						0.00000000,
						0.00000000
					],
					[
						0.00000000,
						0.00000000
					],
					[
						0.00000000,
						0.00000000
					],
					[
						0.00000000,
						0.00000000
					],
					[
						0.00000000,
						0.00000000
					],
					[
						0.00000000,
						0.00000000
					],
					[
						0.00000000,
						0.00000000
					],
					[
						0.00000000,
						0.00000000
					],
					[
						0.00000000,
						0.00000000
					]
				],
				"len": 4
			}
		},
		{
			"body_def": {
				"type": "kinematicBody",