{
	"rooms": {
		"init": {
			"pos": [
				0,
				0
			],
			"flags": 0,
			"entity_defs": [
				{
					"body_def": {
						"type": "staticBody",
						"position": [
							0.00000000,
							0.00000000
						],
						"rotation": {
							"c": 1.00000000,
							"s": 0.00000000
						},
						"linearVelocity": [
							0.00000000,
							0.00000000
						],
						"angularVelocity": 0.00000000,
						"linearDamping": 0.00000000,
						"angularDamping": 0.00000000,
						"gravityScale": 1.00000000,
						"sleepThreshold": 0.05000000,
						"name": "",
						"enableSleep": true,
						"isAwake": true,
						"fixedRotation": false,
						"isBullet": false,
						"isEnabled": true,
						"allowFastRotation": false,
						"internalValue": 1152023
					},
					"shape_def": {
						"material": {
							"friction": 0.60000002,
							"restitution": 0.00000000,
							"rollingResistance": 0.00000000,
							"tangentSpeed": 0.00000000,
							"userMaterialId": 0,
							"customColor": 0
						},
						"density": 1.00000000,
						"filter": {
							"categoryBits": 1,
							"maskBits": 18446744073709551615,
							"groupIndex": 0
						},
						"isSensor": false,
						"enableSensorEvents": false,
						"enableContactEvents": false,
						"enableHitEvents": false,
						"enablePreSolveEvents": false,
						"invokeContactCreation": true,
						"updateBodyMass": true,
						"internalValue": 1152023
					},
					"shape_type": "polygonShape",
					"type": "NPC",
					"flags": 1,
					"index": 0,
					"radius": 5.00000000,
					"scale": 1.00000000,
					"centers": [
						[
							-10.00000000,
							0.00000000
						],
						[
							10.00000000,
							0.00000000
						]
					],
					"size": [
						5.00000000,
						5.00000000
					],
					"is_loop": false,
					"vertices": {
						"data": [
							[
								-10.00000000,
								-10.00000000
							],
							[
								-10.00000000,
								10.00000000
							],
							[
								10.00000000,
								10.00000000
							],
							[
								10.00000000,
								-10.00000000
							],
							[
								0.00000000,
								0.00000000
							],
							[
								0.00000000,
								0.00000000
							],
							[
								0.00000000,
								0.00000000
							],
							[
								0.00000000,
								0.00000000
							],
							[
								0.00000000,
								0.00000000
							],
							[
								0.00000000,
								0.00000000
							],
							[
								0.00000000,
								0.00000000
							],
							[
								0.00000000,
								0.00000000
							],
							[
								0.00000000,
								0.00000000
							],
							[
								0.00000000,
								0.00000000
							],
							[
								0.00000000,
								0.00000000
							],
							[
								0.00000000,
								0.00000000
							],
							[
								0.00000000,
								0.00000000
							],
							[
								0.00000000,
								0.00000000
							],
							[
								0.00000000,
								0.00000000
							],
							[
								0.00000000,
								0.00000000
							]
						],
						"len": 4
					}
				},
				{
					"body_def": {
						"type": "staticBody",
						"position": [
							-4.17000008,
							3.47999954
						],
						"rotation": {
							"c": 1.00000000,
							"s": 0.00000000
						},
						"linearVelocity": [
							0.00000000,
							0.00000000
						],
						"angularVelocity": 0.00000000,
						"linearDamping": 0.00000000,
						"angularDamping": 0.00000000,
						"gravityScale": 1.00000000,
						"sleepThreshold": 0.05000000,
						"name": "",
						"enableSleep": true,
						"isAwake": true,
						"fixedRotation": false,
						"isBullet": false,
						"isEnabled": true,
						"allowFastRotation": false,
						"internalValue": 1152023
					},
					"shape_def": {
						"material": {
							"friction": 0.60000002,
							"restitution": 0.00000000,
							"rollingResistance": 0.00000000,
							"tangentSpeed": 0.00000000,
							"userMaterialId": 0,
							"customColor": 0
						},
						"density": 1.00000000,
						"filter": {
							"categoryBits": 1,
							"maskBits": 18446744073709551615,
							"groupIndex": 0
						},
						"isSensor": false,
						"enableSensorEvents": false,
						"enableContactEvents": false,
						"enableHitEvents": false,
						"enablePreSolveEvents": false,
						"invokeContactCreation": true,
						"updateBodyMass": true,
						"internalValue": 1152023
					},
					"shape_type": "chainSegmentShape",
					"type": "NPC",
					"flags": 33,
					"index": 0,
					"radius": 5.00000000,
					"scale": 1.00000000,
					"centers": [
						[
							-10.00000000,
							0.00000000
						],
						[
							10.00000000,
							0.00000000
						]
					],
					"size": [
						2.00000000,
						2.00000000
					],
					"is_loop": false,
					"vertices": {
						"data": [
							[
								-10.04999924,
								-18.47999954
							],
							[
								-10.00000000,
								10.00000000
							],
							[
								18.56999969,
								9.99000168
							],
							[
								18.36000061,
								-18.17999840
							],
							[
								-10.07999992,
								-18.14999962
							],
							[
								6.30000067,
								-18.02999878
							],
							[
								0.00000000,
								0.00000000
							],
							[
								0.00000000,
								0.00000000
							],
							[
								0.00000000,
								0.00000000
							],
							[
								0.00000000,
								0.00000000
							],
							[
								0.00000000,
								0.00000000
							],
							[
								0.00000000,
								0.00000000
							],
							[
								0.00000000,
								0.00000000
							],
							[
								0.00000000,
								0.00000000
							],
							[
								0.00000000,
								0.00000000
							],
							[
								0.00000000,
								0.00000000
							],
							[
								0.00000000,
								0.00000000
							],
							[
								0.00000000,
								0.00000000
							],
							[
								0.00000000,
								0.00000000
							],
							[
								0.00000000,
								0.00000000
							]
						],
						"len": 5
					}
				},
				{
					"body_def": {
						"type": "dynamicBody",
						"position": [
							0.32999897,
							6.80999947
						],
						"rotation": {
							"c": 1.00000000,
							"s": 0.00000000
						},
						"linearVelocity": [
							0.00000000,
							0.00000000
						],
						"angularVelocity": 0.00000000,
						"linearDamping": 0.00000000,
						"angularDamping": 0.00000000,
						"gravityScale": 0.10000000,
						"sleepThreshold": 0.05000000,
						"name": "",
						"enableSleep": true,
						"isAwake": true,
						"fixedRotation": false,
						"isBullet": false,
						"isEnabled": true,
						"allowFastRotation": false,
						"internalValue": 1152023
					},
					"shape_def": {
						"material": {
							"friction": 0.60000002,
							"restitution": 0.00000000,
							"rollingResistance": 0.00000000,
							"tangentSpeed": 0.00000000,
							"userMaterialId": 0,
							"customColor": 0
						},
						"density": 1.00000000,
						"filter": {
							"categoryBits": 1,
							"maskBits": 18446744073709551615,
							"groupIndex": 0
						},
						"isSensor": false,
						"enableSensorEvents": false,
						"enableContactEvents": false,
						"enableHitEvents": false,
						"enablePreSolveEvents": false,
						"invokeContactCreation": true,
						"updateBodyMass": true,
						"internalValue": 1152023
					},
					"shape_type": "polygonShape",
					"type": "PLAYER",
					"flags": 3,
					"index": 0,
					"radius": 5.00000000,
					"scale": 0.50000000,
					"centers": [
						[
							-10.00000000,
							0.00000000
						],
						[
							10.00000000,
							0.00000000
						]
					],
					"size": [
						1.00000000,
						1.00000000
					],
					"is_loop": false,